{
  "metric": "Combined",
  "top_performers": [
    {
      "rank": 1,
      "run_name": "res400_hyper3_nu9e-15_chi9e-15_r3_nu1.0_dg",
      "combined_score": 0.213403440420766,
      "per_metric_scores": {
        "l1": 0.213403440420766
      }
    },
    {
      "rank": 2,
      "run_name": "res400_hyper3_nu9e-14_chi9e-14_r3_nu1.0_dg",
      "combined_score": 0.213403440420766,
      "per_metric_scores": {
        "l1": 0.213403440420766
      }
    },
    {
      "rank": 3,
      "run_name": "res400_hyper3_nu9e-13_chi9e-13_r3_nu1.0_dg",
      "combined_score": 0.213403440420766,
      "per_metric_scores": {
        "l1": 0.213403440420766
      }
    }
  ]
}