{
  "metric": "Combined",
  "top_performers": [
    {
      "rank": 1,
      "run_name": "res400_hyper3_nu9e-15_chi9e-15_best_l1_rank3_nu1p0_default_gamma",
      "combined_score": 0.213403440420766,
      "per_metric_scores": {
        "l1": 0.213403440420766
      }
    },
    {
      "rank": 2,
      "run_name": "res400_hyper3_nu9e-14_chi9e-14_best_l1_rank3_nu1p0_default_gamma",
      "combined_score": 0.213403440420766,
      "per_metric_scores": {
        "l1": 0.213403440420766
      }
    },
    {
      "rank": 3,
      "run_name": "res400_hyper3_nu9e-13_chi9e-13_best_l1_rank3_nu1p0_default_gamma",
      "combined_score": 0.213403440420766,
      "per_metric_scores": {
        "l1": 0.213403440420766
      }
    }
  ]
}