{
  "metric": "Combined",
  "top_performers": [
    {
      "rank": 1,
      "run_name": "res400_hyper3_nu9e-09_chi9e-09_best_l1_rank1_nu0p5_default_gamma",
      "combined_score": 0.00674657292664051,
      "per_metric_scores": {
        "l1": 0.00674657292664051
      }
    },
    {
      "rank": 2,
      "run_name": "res400_hyper3_nu9e-08_chi9e-08_best_l1_rank1_nu0p5_default_gamma",
      "combined_score": 0.00674657292664051,
      "per_metric_scores": {
        "l1": 0.00674657292664051
      }
    },
    {
      "rank": 3,
      "run_name": "res400_hyper3_nu9e-09_chi9e-09_best_l1_rank2_nu0p5_gamma_is_1",
      "combined_score": 0.00674657292664051,
      "per_metric_scores": {
        "l1": 0.00674657292664051
      }
    }
  ]
}