{
  "metric": "Combined",
  "top_performers": [
    {
      "rank": 1,
      "run_name": "res400_nohyper_massfix_default_gamma_nu5p0_chi5p0_diffrho5p0",
      "combined_score": 0.01433109394827798,
      "per_metric_scores": {
        "l1": 0.01433109394827798
      }
    },
    {
      "rank": 2,
      "run_name": "res400_nohyper_massfix_gamma_is_1_nu5p0_chi5p0_diffrho5p0",
      "combined_score": 0.01433109394827798,
      "per_metric_scores": {
        "l1": 0.01433109394827798
      }
    },
    {
      "rank": 3,
      "run_name": "res400_nohyper_massfix_default_gamma_nu1p0_chi1p0_diffrho1p0",
      "combined_score": 0.015579535321888332,
      "per_metric_scores": {
        "l1": 0.015579535321888332
      }
    }
  ]
}